Issue Type,Issue key,Issue id,Summary,Assignee,Assignee Id,Reporter,Reporter Id,Priority,Status,Resolution,Created,Updated,Due date
Story,BAAAM-111,10155,Add team members to README (EACH MEMBER MUST DO THIS INDIVIDUALLY),,,Andrew,712020:36f63a2f-9fd6-4652-b599-74cf45bfaf12,Medium,Done,Done,23/Sep/26 5:32 PM,01/Oct/26 11:26 PM,
Task,BAAAM-113,10157,Design UI for Regular User Portal - Calendar & Appointments,Andree Lin,712020:e42fef53-89d1-40e1-8115-bd65a9bee5d1,Manoj Khadka,712020:d30279c8-ce50-4163-a875-1320c647fae1,Medium,Done,Done,26/Sep/26 4:54 PM,01/Oct/26 4:19 PM,
Task,BAAAM-2,10016,Create POV Document,Andree Lin,712020:e42fef53-89d1-40e1-8115-bd65a9bee5d1,Brendan Lambrecht,712020:561627c7-6e04-4165-8d15-a503a75143c6,Low,Done,Done,08/Sep/26 5:47 PM,17/Sep/26 11:31 PM,
Task,BAAAM-3,10017,Complete & Submit POV Document,Amelia Koch,712020:5ca236ff-2826-488f-aa01-d3b15d2807d8,Brendan Lambrecht,712020:561627c7-6e04-4165-8d15-a503a75143c6,High,Done,Done,08/Sep/26 5:48 PM,30/Sep/26 8:44 AM,17/Sep/26 12:00 AM
Task,BAAAM-5,10019,Create UserStories Document,Amelia Koch,712020:5ca236ff-2826-488f-aa01-d3b15d2807d8,Brendan Lambrecht,712020:561627c7-6e04-4165-8d15-a503a75143c6,Medium,Done,Done,10/Sep/26 9:37 AM,23/Sep/26 8:42 PM,
Story,BAAAM-18,10062,Set up project repository and version control,Andrew,712020:36f63a2f-9fd6-4652-b599-74cf45bfaf12,Brendan Lambrecht,712020:561627c7-6e04-4165-8d15-a503a75143c6,Medium,Done,Done,16/Sep/26 9:27 AM,24/Sep/26 9:56 AM,
Task,BAAAM-6,10020,Complete & Submit UserStories Document,Amelia Koch,712020:5ca236ff-2826-488f-aa01-d3b15d2807d8,Brendan Lambrecht,712020:561627c7-6e04-4165-8d15-a503a75143c6,Medium,Done,Done,10/Sep/26 9:37 AM,30/Sep/26 6:30 PM,
Epic,BAAAM-7,10051,User & Authentication System,,,Brendan Lambrecht,712020:561627c7-6e04-4165-8d15-a503a75143c6,High,To Do,,16/Sep/26 9:26 AM,22/Sep/26 9:45 AM,15/Oct/26 12:00 AM
Epic,BAAAM-11,10055,Service Provider Management,,,Brendan Lambrecht,712020:561627c7-6e04-4165-8d15-a503a75143c6,Medium,To Do,,16/Sep/26 9:26 AM,22/Sep/26 9:45 AM,19/Nov/26 12:00 AM
Epic,BAAAM-8,10052,Project Kickoff & Document 1 (Product Overview & Project Plan),,,Brendan Lambrecht,712020:561627c7-6e04-4165-8d15-a503a75143c6,Highest,Done,Done,16/Sep/26 9:26 AM,06/Oct/26 12:51 PM,01/Oct/26 12:00 AM
Epic,BAAAM-9,10053,Requirements Engineering & Document 2,,,Brendan Lambrecht,712020:561627c7-6e04-4165-8d15-a503a75143c6,High,In Progress,,16/Sep/26 9:26 AM,06/Oct/26 12:51 PM,01/Oct/26 12:00 AM
Epic,BAAAM-10,10054,Appointment Booking & Scheduling,,,Brendan Lambrecht,712020:561627c7-6e04-4165-8d15-a503a75143c6,Highest,To Do,,16/Sep/26 9:26 AM,22/Sep/26 9:45 AM,19/Nov/26 12:00 AM
Epic,BAAAM-12,10056,"Appointment History, Reports & Trends",,,Brendan Lambrecht,712020:561627c7-6e04-4165-8d15-a503a75143c6,Medium,To Do,,16/Sep/26 9:26 AM,22/Sep/26 9:45 AM,19/Nov/26 12:00 AM
Epic,BAAAM-13,10057,Admin Console,,,Brendan Lambrecht,712020:561627c7-6e04-4165-8d15-a503a75143c6,Medium,To Do,,16/Sep/26 9:26 AM,22/Sep/26 9:45 AM,19/Nov/26 12:00 AM
Epic,BAAAM-14,10058,Alerts & Notifications,,,Brendan Lambrecht,712020:561627c7-6e04-4165-8d15-a503a75143c6,Medium,To Do,,16/Sep/26 9:26 AM,22/Sep/26 9:45 AM,19/Nov/26 12:00 AM
Epic,BAAAM-15,10059,Architectural Design & Document 3,,,Brendan Lambrecht,712020:561627c7-6e04-4165-8d15-a503a75143c6,High,To Do,,16/Sep/26 9:26 AM,22/Sep/26 9:45 AM,05/Nov/26 12:00 AM
Epic,BAAAM-16,10060,"Final Testing, Demo & Delivery",,,Brendan Lambrecht,712020:561627c7-6e04-4165-8d15-a503a75143c6,Highest,To Do,,16/Sep/26 9:26 AM,22/Sep/26 9:45 AM,15/Dec/26 12:00 AM
Epic,BAAAM-17,10061,Team Process & Governance,,,Brendan Lambrecht,712020:561627c7-6e04-4165-8d15-a503a75143c6,Medium,To Do,,16/Sep/26 9:26 AM,22/Sep/26 9:45 AM,18/Dec/26 12:00 AM
Story,BAAAM-19,10064,"Write project scope, objectives, and risk register (GROUP)",,,Brendan Lambrecht,712020:561627c7-6e04-4165-8d15-a503a75143c6,Medium,Done,Done,16/Sep/26 9:28 AM,06/Oct/26 9:17 AM,
Story,BAAAM-20,10063,"Document team roles, meeting cadence, and git workflow",Brendan Lambrecht,712020:561627c7-6e04-4165-8d15-a503a75143c6,Brendan Lambrecht,712020:561627c7-6e04-4165-8d15-a503a75143c6,Medium,Done,Done,16/Sep/26 9:28 AM,17/Sep/26 11:31 PM,
Story,BAAAM-21,10065,Document functional and non-functional requirements,Andree Lin,712020:e42fef53-89d1-40e1-8115-bd65a9bee5d1,Brendan Lambrecht,712020:561627c7-6e04-4165-8d15-a503a75143c6,Medium,Done,Done,16/Sep/26 9:29 AM,30/Sep/26 8:54 PM,
Story,BAAAM-22,10066,Implement Database UML Structure,Amelia Koch,712020:5ca236ff-2826-488f-aa01-d3b15d2807d8,Brendan Lambrecht,712020:561627c7-6e04-4165-8d15-a503a75143c6,Medium,Done,Done,16/Sep/26 9:29 AM,01/Oct/26 10:56 AM,
Story,BAAAM-120,10196,Implement frontend basics,Andree Lin,712020:e42fef53-89d1-40e1-8115-bd65a9bee5d1,Andree Lin,712020:e42fef53-89d1-40e1-8115-bd65a9bee5d1,Medium,In Development,,30/Sep/26 5:41 PM,06/Oct/26 9:22 AM,
Story,BAAAM-116,10192,Implement basic backend API endpoints and connections,Brendan Lambrecht,712020:561627c7-6e04-4165-8d15-a503a75143c6,Brendan Lambrecht,712020:561627c7-6e04-4165-8d15-a503a75143c6,Highest,Done,Done,29/Sep/26 11:16 AM,06/Oct/26 12:49 PM,
Story,BAAAM-115,10191,Figma - Design Service Provider Web UI,Manoj Khadka,712020:d30279c8-ce50-4163-a875-1320c647fae1,Manoj Khadka,712020:d30279c8-ce50-4163-a875-1320c647fae1,Low,In Progress,,27/Sep/26 1:48 AM,08/Oct/26 10:35 AM,
Story,BAAAM-23,10067,Design wireframes and UI mockups for all screens (FIGMA),Andree Lin,712020:e42fef53-89d1-40e1-8115-bd65a9bee5d1,Brendan Lambrecht,712020:561627c7-6e04-4165-8d15-a503a75143c6,Low,In Progress,,16/Sep/26 9:29 AM,08/Oct/26 10:35 AM,
Task,BAAAM-131,10207,Add Swagger/OpenAPI documentation and UI to Project,Manoj Khadka,712020:d30279c8-ce50-4163-a875-1320c647fae1,Manoj Khadka,712020:d30279c8-ce50-4163-a875-1320c647fae1,Low,Done,Done,02/Oct/26 10:48 AM,07/Oct/26 9:38 PM,
Story,BAAAM-25,10069,"Implement role-based access control (user, provider, admin)",Andrew,712020:36f63a2f-9fd6-4652-b599-74cf45bfaf12,Brendan Lambrecht,712020:561627c7-6e04-4165-8d15-a503a75143c6,High,To Do,,16/Sep/26 9:29 AM,07/Oct/26 9:16 AM,
Story,BAAAM-26,10070,Implement user profile management and session handling,Andrew,712020:36f63a2f-9fd6-4652-b599-74cf45bfaf12,Brendan Lambrecht,712020:561627c7-6e04-4165-8d15-a503a75143c6,Medium,To Do,,16/Sep/26 9:29 AM,07/Oct/26 9:16 AM,
Story,BAAAM-27,10071,Implement provider view of their own appointments and users,Andree Lin,712020:e42fef53-89d1-40e1-8115-bd65a9bee5d1,Brendan Lambrecht,712020:561627c7-6e04-4165-8d15-a503a75143c6,Medium,To Do,,16/Sep/26 9:29 AM,06/Oct/26 10:22 AM,
Story,BAAAM-28,10072,Implement provider category and business profile setup,,,Brendan Lambrecht,712020:561627c7-6e04-4165-8d15-a503a75143c6,Medium,To Do,,16/Sep/26 9:29 AM,22/Sep/26 9:48 AM,
Story,BAAAM-106,10150,Implement Welcome Screen,,,Brendan Lambrecht,712020:561627c7-6e04-4165-8d15-a503a75143c6,Medium,To Do,,16/Sep/26 2:53 PM,06/Oct/26 12:49 PM,
Story,BAAAM-29,10073,Implement provider slot creation and management,,,Brendan Lambrecht,712020:561627c7-6e04-4165-8d15-a503a75143c6,Medium,To Do,,16/Sep/26 9:29 AM,22/Sep/26 9:48 AM,
Story,BAAAM-30,10074,Implement category browse and provider search for booking,,,Brendan Lambrecht,712020:561627c7-6e04-4165-8d15-a503a75143c6,Medium,To Do,,16/Sep/26 9:31 AM,22/Sep/26 9:48 AM,
Story,BAAAM-31,10075,Implement slot availability display and real-time fetching,,,Brendan Lambrecht,712020:561627c7-6e04-4165-8d15-a503a75143c6,Medium,To Do,,16/Sep/26 9:31 AM,22/Sep/26 9:48 AM,
Story,BAAAM-32,10076,Implement appointment creation and booking confirmation,,,Brendan Lambrecht,712020:561627c7-6e04-4165-8d15-a503a75143c6,Medium,To Do,,16/Sep/26 9:32 AM,22/Sep/26 9:48 AM,
Story,BAAAM-33,10077,Implement conflict prevention and first-come-first-serve booking logic,,,Brendan Lambrecht,712020:561627c7-6e04-4165-8d15-a503a75143c6,Medium,To Do,,16/Sep/26 9:32 AM,22/Sep/26 9:48 AM,
Story,BAAAM-34,10078,Implement appointment modify and cancel functionality,,,Brendan Lambrecht,712020:561627c7-6e04-4165-8d15-a503a75143c6,Medium,To Do,,16/Sep/26 9:32 AM,22/Sep/26 9:48 AM,
Story,BAAAM-35,10079,Implement appointment history view for users and providers,,,Brendan Lambrecht,712020:561627c7-6e04-4165-8d15-a503a75143c6,Medium,To Do,,16/Sep/26 9:33 AM,22/Sep/26 9:48 AM,
Story,BAAAM-36,10080,Implement category and time-period appointment reports,,,Brendan Lambrecht,712020:561627c7-6e04-4165-8d15-a503a75143c6,Medium,To Do,,16/Sep/26 9:33 AM,22/Sep/26 9:48 AM,
Story,BAAAM-37,10081,Implement appointment trends dashboard with charts,,,Brendan Lambrecht,712020:561627c7-6e04-4165-8d15-a503a75143c6,Medium,To Do,,16/Sep/26 9:33 AM,22/Sep/26 9:48 AM,
Story,BAAAM-38,10082,Implement upcoming appointment alert logic,,,Brendan Lambrecht,712020:561627c7-6e04-4165-8d15-a503a75143c6,Medium,To Do,,16/Sep/26 9:33 AM,22/Sep/26 9:48 AM,
Story,BAAAM-39,10083,Implement user and provider notification UI for appointment alerts,,,Brendan Lambrecht,712020:561627c7-6e04-4165-8d15-a503a75143c6,Medium,To Do,,16/Sep/26 9:33 AM,22/Sep/26 9:48 AM,
Story,BAAAM-40,10084,Implement admin search for users and service providers,,,Brendan Lambrecht,712020:561627c7-6e04-4165-8d15-a503a75143c6,Medium,To Do,,16/Sep/26 9:34 AM,22/Sep/26 9:48 AM,
Story,BAAAM-41,10085,Implement admin appointment search and system dashboard,,,Brendan Lambrecht,712020:561627c7-6e04-4165-8d15-a503a75143c6,Medium,To Do,,16/Sep/26 9:34 AM,22/Sep/26 9:48 AM,
Story,BAAAM-42,10086,Write architectural design document and system diagrams (Document 3),,,Brendan Lambrecht,712020:561627c7-6e04-4165-8d15-a503a75143c6,Medium,To Do,,16/Sep/26 9:34 AM,22/Sep/26 9:48 AM,
Story,BAAAM-43,10087,Design database schema and API contract documentation,,,Brendan Lambrecht,712020:561627c7-6e04-4165-8d15-a503a75143c6,Medium,To Do,,16/Sep/26 9:35 AM,22/Sep/26 9:48 AM,
Story,BAAAM-44,10088,Design UI navigation flow and design system,,,Brendan Lambrecht,712020:561627c7-6e04-4165-8d15-a503a75143c6,Medium,To Do,,16/Sep/26 9:35 AM,22/Sep/26 9:50 AM,
Story,BAAAM-45,10089,Conduct integration and system testing across all features,,,Brendan Lambrecht,712020:561627c7-6e04-4165-8d15-a503a75143c6,Medium,To Do,,16/Sep/26 9:36 AM,22/Sep/26 9:48 AM,
Story,BAAAM-46,10090,Prepare final demo presentation and rehearse,,,Brendan Lambrecht,712020:561627c7-6e04-4165-8d15-a503a75143c6,Medium,To Do,,16/Sep/26 9:36 AM,22/Sep/26 9:48 AM,
Story,BAAAM-47,10091,Package and deliver final source code with documentation,,,Brendan Lambrecht,712020:561627c7-6e04-4165-8d15-a503a75143c6,Medium,To Do,,16/Sep/26 9:36 AM,22/Sep/26 9:49 AM,
Story,BAAAM-48,10092,Write user manual documentation,,,Brendan Lambrecht,712020:561627c7-6e04-4165-8d15-a503a75143c6,Medium,To Do,,16/Sep/26 9:36 AM,22/Sep/26 9:49 AM,
Story,BAAAM-49,10093,Track and document code reviews for each team member,,,Brendan Lambrecht,712020:561627c7-6e04-4165-8d15-a503a75143c6,Medium,To Do,,16/Sep/26 9:36 AM,22/Sep/26 9:49 AM,
Story,BAAAM-50,10094,Maintain meeting notes and decision log throughout project,,,Brendan Lambrecht,712020:561627c7-6e04-4165-8d15-a503a75143c6,Medium,To Do,,16/Sep/26 9:36 AM,22/Sep/26 9:49 AM,
Story,BAAAM-51,10095,Complete team member evaluation report,Brendan Lambrecht,712020:561627c7-6e04-4165-8d15-a503a75143c6,Brendan Lambrecht,712020:561627c7-6e04-4165-8d15-a503a75143c6,Medium,To Do,,16/Sep/26 9:37 AM,16/Sep/26 2:38 PM,
Subtask,BAAAM-54,10098,Draft and finalize requirements document (Document 2),,,Brendan Lambrecht,712020:561627c7-6e04-4165-8d15-a503a75143c6,Medium,Done,Done,16/Sep/26 9:39 AM,06/Oct/26 9:24 AM,
Subtask,BAAAM-52,10096,Create GitHub/GitLab repo and branch strategy,,,Brendan Lambrecht,712020:561627c7-6e04-4165-8d15-a503a75143c6,Medium,Done,Done,16/Sep/26 9:39 AM,22/Sep/26 9:49 AM,
Subtask,BAAAM-53,10097,"Set up .gitignore, README, and CI skeleton",,,Brendan Lambrecht,712020:561627c7-6e04-4165-8d15-a503a75143c6,Medium,Done,Done,16/Sep/26 9:39 AM,06/Oct/26 9:24 AM,
Subtask,BAAAM-56,10100,"Draft and finalize scope, objectives, and risk register (Document 1)",,,Brendan Lambrecht,712020:561627c7-6e04-4165-8d15-a503a75143c6,Medium,Done,Done,16/Sep/26 9:39 AM,22/Sep/26 9:49 AM,
Subtask,BAAAM-55,10099,"Document roles, meeting cadence, and git workflow",,,Brendan Lambrecht,712020:561627c7-6e04-4165-8d15-a503a75143c6,Medium,Done,Done,16/Sep/26 9:39 AM,06/Oct/26 9:26 AM,
Subtask,BAAAM-57,10101,Create use case diagrams and descriptions (Document 2),,,Brendan Lambrecht,712020:561627c7-6e04-4165-8d15-a503a75143c6,Medium,Done,Done,16/Sep/26 12:18 PM,06/Oct/26 9:24 AM,
Subtask,BAAAM-59,10102,Design wireframes and UI mockups for all screens,Andree Lin,712020:e42fef53-89d1-40e1-8115-bd65a9bee5d1,Brendan Lambrecht,712020:561627c7-6e04-4165-8d15-a503a75143c6,Medium,In Progress,,16/Sep/26 12:18 PM,01/Oct/26 9:32 AM,
Subtask,BAAAM-58,10103,Implement frontend role-based routing and access guards,,,Brendan Lambrecht,712020:561627c7-6e04-4165-8d15-a503a75143c6,Medium,To Do,,16/Sep/26 12:18 PM,22/Sep/26 9:49 AM,
Subtask,BAAAM-61,10104,Implement backend auth API and user/provider DB schema (C#),,,Brendan Lambrecht,712020:561627c7-6e04-4165-8d15-a503a75143c6,Medium,To Do,,16/Sep/26 12:18 PM,22/Sep/26 9:49 AM,
Subtask,BAAAM-60,10105,Build frontend registration and login screens (Angular),,,Brendan Lambrecht,712020:561627c7-6e04-4165-8d15-a503a75143c6,Medium,To Do,,16/Sep/26 12:18 PM,22/Sep/26 9:49 AM,
Subtask,BAAAM-62,10106,Build frontend user profile management UI,,,Brendan Lambrecht,712020:561627c7-6e04-4165-8d15-a503a75143c6,Medium,To Do,,16/Sep/26 12:19 PM,22/Sep/26 9:49 AM,
Subtask,BAAAM-63,10107,Implement backend RBAC middleware and role assignment (C#),,,Brendan Lambrecht,712020:561627c7-6e04-4165-8d15-a503a75143c6,Medium,To Do,,16/Sep/26 12:19 PM,22/Sep/26 9:49 AM,
Subtask,BAAAM-64,10108,Build frontend provider appointment and user list view,,,Brendan Lambrecht,712020:561627c7-6e04-4165-8d15-a503a75143c6,Medium,To Do,,16/Sep/26 12:19 PM,22/Sep/26 9:49 AM,
Subtask,BAAAM-65,10109,Implement backend provider appointment query API (C#),,,Brendan Lambrecht,712020:561627c7-6e04-4165-8d15-a503a75143c6,Medium,To Do,,16/Sep/26 12:19 PM,22/Sep/26 9:49 AM,
Subtask,BAAAM-66,10110,Implement backend profile and session APIs (C#),,,Brendan Lambrecht,712020:561627c7-6e04-4165-8d15-a503a75143c6,Medium,To Do,,16/Sep/26 12:19 PM,22/Sep/26 9:49 AM,
Subtask,BAAAM-67,10111,Build frontend provider profile setup UI (Angular),,,Brendan Lambrecht,712020:561627c7-6e04-4165-8d15-a503a75143c6,Medium,To Do,,16/Sep/26 12:20 PM,22/Sep/26 9:49 AM,
Subtask,BAAAM-68,10112,Implement backend provider profile/category API (C#),,,Brendan Lambrecht,712020:561627c7-6e04-4165-8d15-a503a75143c6,Medium,To Do,,16/Sep/26 12:20 PM,22/Sep/26 9:49 AM,
Subtask,BAAAM-69,10113,Build frontend slot management UI (Angular),,,Brendan Lambrecht,712020:561627c7-6e04-4165-8d15-a503a75143c6,Medium,To Do,,16/Sep/26 12:20 PM,22/Sep/26 9:49 AM,
Subtask,BAAAM-70,10114,Implement backend slot creation API + DB schema (C#),,,Brendan Lambrecht,712020:561627c7-6e04-4165-8d15-a503a75143c6,Medium,To Do,,16/Sep/26 12:20 PM,22/Sep/26 9:49 AM,
Subtask,BAAAM-71,10115,Build frontend category browse and search UI (Angular),,,Brendan Lambrecht,712020:561627c7-6e04-4165-8d15-a503a75143c6,Medium,To Do,,16/Sep/26 12:20 PM,22/Sep/26 9:49 AM,
Subtask,BAAAM-72,10116,Implement backend search API for providers by category (C#),,,Brendan Lambrecht,712020:561627c7-6e04-4165-8d15-a503a75143c6,Medium,To Do,,16/Sep/26 12:21 PM,22/Sep/26 9:49 AM,
Subtask,BAAAM-73,10117,Build frontend slot availability display (Angular),,,Brendan Lambrecht,712020:561627c7-6e04-4165-8d15-a503a75143c6,Medium,To Do,,16/Sep/26 12:21 PM,22/Sep/26 9:49 AM,
Subtask,BAAAM-74,10118,Implement backend real-time slot availability API (C#),,,Brendan Lambrecht,712020:561627c7-6e04-4165-8d15-a503a75143c6,Medium,To Do,,16/Sep/26 12:21 PM,22/Sep/26 9:49 AM,
Subtask,BAAAM-75,10119,Build frontend booking confirmation flow (Angular),,,Brendan Lambrecht,712020:561627c7-6e04-4165-8d15-a503a75143c6,Medium,To Do,,16/Sep/26 12:21 PM,22/Sep/26 9:49 AM,
Subtask,BAAAM-76,10120,Implement backend booking creation API + appointment DB schema (C#),,,Brendan Lambrecht,712020:561627c7-6e04-4165-8d15-a503a75143c6,Medium,To Do,,16/Sep/26 12:21 PM,22/Sep/26 9:49 AM,
Subtask,BAAAM-77,10121,Implement backend conflict detection and first-come-first-serve logic (C#),,,Brendan Lambrecht,712020:561627c7-6e04-4165-8d15-a503a75143c6,Medium,To Do,,16/Sep/26 12:22 PM,22/Sep/26 9:50 AM,
Subtask,BAAAM-78,10122,Build frontend conflict error handling and booking feedback (Angular),,,Brendan Lambrecht,712020:561627c7-6e04-4165-8d15-a503a75143c6,Medium,To Do,,16/Sep/26 12:24 PM,22/Sep/26 9:50 AM,
Subtask,BAAAM-79,10123,Build frontend modify/cancel appointment UI (Angular),,,Brendan Lambrecht,712020:561627c7-6e04-4165-8d15-a503a75143c6,Medium,To Do,,16/Sep/26 12:24 PM,22/Sep/26 9:50 AM,
Subtask,BAAAM-80,10124,Implement backend modify/cancel appointment API (C#),,,Brendan Lambrecht,712020:561627c7-6e04-4165-8d15-a503a75143c6,Medium,To Do,,16/Sep/26 12:25 PM,22/Sep/26 9:50 AM,
Subtask,BAAAM-81,10125,Build frontend appointment history view (Angular),,,Brendan Lambrecht,712020:561627c7-6e04-4165-8d15-a503a75143c6,Medium,To Do,,16/Sep/26 12:26 PM,22/Sep/26 9:50 AM,
Subtask,BAAAM-82,10126,Implement backend appointment history query API (C#),,,Brendan Lambrecht,712020:561627c7-6e04-4165-8d15-a503a75143c6,Medium,To Do,,16/Sep/26 12:26 PM,22/Sep/26 9:50 AM,
Subtask,BAAAM-83,10127,Build frontend reports filter UI for category and time period (Angular),,,Brendan Lambrecht,712020:561627c7-6e04-4165-8d15-a503a75143c6,Medium,To Do,,16/Sep/26 12:26 PM,22/Sep/26 9:50 AM,
Subtask,BAAAM-84,10128,Implement backend reports query API for category and time period (C#),,,Brendan Lambrecht,712020:561627c7-6e04-4165-8d15-a503a75143c6,Medium,To Do,,16/Sep/26 12:26 PM,22/Sep/26 9:50 AM,
Subtask,BAAAM-85,10129,Build frontend trends dashboard with charts (Angular),,,Brendan Lambrecht,712020:561627c7-6e04-4165-8d15-a503a75143c6,Medium,To Do,,16/Sep/26 12:27 PM,22/Sep/26 9:50 AM,
Subtask,BAAAM-86,10130,Implement backend trends aggregation API (C#),,,Brendan Lambrecht,712020:561627c7-6e04-4165-8d15-a503a75143c6,Medium,To Do,,16/Sep/26 12:27 PM,22/Sep/26 9:50 AM,
Subtask,BAAAM-87,10131,Implement backend alert scheduling and trigger logic (C#),,,Brendan Lambrecht,712020:561627c7-6e04-4165-8d15-a503a75143c6,Medium,To Do,,16/Sep/26 12:27 PM,22/Sep/26 9:50 AM,
Subtask,BAAAM-88,10132,Implement backend alert notification delivery API (C#),,,Brendan Lambrecht,712020:561627c7-6e04-4165-8d15-a503a75143c6,Medium,To Do,,16/Sep/26 12:27 PM,22/Sep/26 9:50 AM,
Subtask,BAAAM-89,10133,Build frontend notification UI for appointment alerts (Angular),,,Brendan Lambrecht,712020:561627c7-6e04-4165-8d15-a503a75143c6,Medium,To Do,,16/Sep/26 12:27 PM,22/Sep/26 9:50 AM,
Subtask,BAAAM-90,10134,Implement backend notification delivery service (C#),,,Brendan Lambrecht,712020:561627c7-6e04-4165-8d15-a503a75143c6,Medium,To Do,,16/Sep/26 12:28 PM,22/Sep/26 9:50 AM,
Subtask,BAAAM-91,10135,Build frontend admin search UI for users and providers (Angular),,,Brendan Lambrecht,712020:561627c7-6e04-4165-8d15-a503a75143c6,Medium,To Do,,16/Sep/26 12:28 PM,22/Sep/26 9:50 AM,
Subtask,BAAAM-92,10136,Implement backend admin search API for users and providers (C#),,,Brendan Lambrecht,712020:561627c7-6e04-4165-8d15-a503a75143c6,Medium,To Do,,16/Sep/26 12:28 PM,22/Sep/26 9:50 AM,
Subtask,BAAAM-93,10137,Build frontend admin dashboard with system stats (Angular),,,Brendan Lambrecht,712020:561627c7-6e04-4165-8d15-a503a75143c6,Medium,To Do,,16/Sep/26 12:28 PM,22/Sep/26 9:50 AM,
Subtask,BAAAM-94,10138,Implement backend admin stats and appointment search API (C#),,,Brendan Lambrecht,712020:561627c7-6e04-4165-8d15-a503a75143c6,Medium,To Do,,16/Sep/26 12:29 PM,22/Sep/26 9:50 AM,
Subtask,BAAAM-95,10139,Draft and finalize architectural design document (Document 3),,,Brendan Lambrecht,712020:561627c7-6e04-4165-8d15-a503a75143c6,Medium,To Do,,16/Sep/26 12:30 PM,22/Sep/26 9:50 AM,
Subtask,BAAAM-96,10140,Design and document database schema and API contracts,,,Brendan Lambrecht,712020:561627c7-6e04-4165-8d15-a503a75143c6,Medium,To Do,,16/Sep/26 12:30 PM,22/Sep/26 9:50 AM,
Subtask,BAAAM-97,10141,Design UI navigation flow and design system documentation,,,Brendan Lambrecht,712020:561627c7-6e04-4165-8d15-a503a75143c6,Medium,To Do,,16/Sep/26 12:30 PM,22/Sep/26 9:50 AM,
Subtask,BAAAM-98,10142,Write and execute integration and system test cases,,,Brendan Lambrecht,712020:561627c7-6e04-4165-8d15-a503a75143c6,Medium,To Do,,16/Sep/26 12:31 PM,22/Sep/26 9:50 AM,
Subtask,BAAAM-99,10143,Prepare and rehearse final demo presentation,,,Brendan Lambrecht,712020:561627c7-6e04-4165-8d15-a503a75143c6,Medium,To Do,,16/Sep/26 12:31 PM,22/Sep/26 9:50 AM,
Subtask,BAAAM-100,10144,Package and deliver final source code with documentation,,,Brendan Lambrecht,712020:561627c7-6e04-4165-8d15-a503a75143c6,Medium,To Do,,16/Sep/26 12:31 PM,22/Sep/26 9:50 AM,
Subtask,BAAAM-101,10145,Write user manual documentation,,,Brendan Lambrecht,712020:561627c7-6e04-4165-8d15-a503a75143c6,Medium,To Do,,16/Sep/26 12:31 PM,22/Sep/26 9:50 AM,
Subtask,BAAAM-102,10146,Conduct and document code reviews for each team member,,,Brendan Lambrecht,712020:561627c7-6e04-4165-8d15-a503a75143c6,Medium,To Do,,16/Sep/26 12:31 PM,22/Sep/26 9:50 AM,
Subtask,BAAAM-103,10147,Maintain meeting notes and decision log throughout project,,,Brendan Lambrecht,712020:561627c7-6e04-4165-8d15-a503a75143c6,Medium,To Do,,16/Sep/26 12:31 PM,22/Sep/26 9:50 AM,
Subtask,BAAAM-104,10148,Complete peer and self-evaluation report,,,Brendan Lambrecht,712020:561627c7-6e04-4165-8d15-a503a75143c6,Medium,To Do,,16/Sep/26 12:32 PM,22/Sep/26 9:50 AM,
Story,BAAAM-105,10149,Update Requirements and Architecture Documents,,,Brendan Lambrecht,712020:561627c7-6e04-4165-8d15-a503a75143c6,Medium,To Do,,16/Sep/26 2:49 PM,22/Sep/26 9:50 AM,
Story,BAAAM-107,10151,Implement comment additions within the project,,,Brendan Lambrecht,712020:561627c7-6e04-4165-8d15-a503a75143c6,Medium,To Do,,16/Sep/26 2:54 PM,22/Sep/26 9:50 AM,
Story,BAAAM-108,10152,Attach Meeting Logs to Deliverables,,,Brendan Lambrecht,712020:561627c7-6e04-4165-8d15-a503a75143c6,Medium,To Do,,16/Sep/26 2:56 PM,22/Sep/26 9:50 AM,
Story,BAAAM-109,10153,Implement Soft Delete when removing users from the project,,,Brendan Lambrecht,712020:561627c7-6e04-4165-8d15-a503a75143c6,Medium,To Do,,16/Sep/26 4:47 PM,22/Sep/26 9:47 AM,
Task,BAAAM-114,10158,"Design UI for Regular User Portal - Notifications, Settings and Statistics",Andree Lin,712020:e42fef53-89d1-40e1-8115-bd65a9bee5d1,Manoj Khadka,712020:d30279c8-ce50-4163-a875-1320c647fae1,Medium,Done,Done,26/Sep/26 5:02 PM,30/Sep/26 8:56 PM,
Task,BAAAM-112,10156,Create Project Boilerplate,Brendan Lambrecht,712020:561627c7-6e04-4165-8d15-a503a75143c6,Brendan Lambrecht,712020:561627c7-6e04-4165-8d15-a503a75143c6,Medium,Done,Done,24/Sep/26 12:28 AM,27/Sep/26 11:45 AM,
Subtask,BAAAM-117,10193,Add Github Handle to README,Amelia Koch,712020:5ca236ff-2826-488f-aa01-d3b15d2807d8,Brendan Lambrecht,712020:561627c7-6e04-4165-8d15-a503a75143c6,Medium,Done,Done,30/Sep/26 8:49 AM,30/Sep/26 8:55 PM,
Subtask,BAAAM-118,10194,Add Github Handle to README,Andree Lin,712020:e42fef53-89d1-40e1-8115-bd65a9bee5d1,Brendan Lambrecht,712020:561627c7-6e04-4165-8d15-a503a75143c6,Medium,Done,Done,30/Sep/26 8:49 AM,01/Oct/26 11:26 PM,
Subtask,BAAAM-119,10195,Add Github Handle to README,Manoj Khadka,712020:d30279c8-ce50-4163-a875-1320c647fae1,Brendan Lambrecht,712020:561627c7-6e04-4165-8d15-a503a75143c6,Medium,Done,Done,30/Sep/26 8:50 AM,30/Sep/26 8:55 PM,
Subtask,BAAAM-121,10197,Homepage,Andree Lin,712020:e42fef53-89d1-40e1-8115-bd65a9bee5d1,Andree Lin,712020:e42fef53-89d1-40e1-8115-bd65a9bee5d1,Medium,Done,Done,30/Sep/26 5:41 PM,08/Oct/26 9:44 AM,
Subtask,BAAAM-122,10198,Calendar,Andree Lin,712020:e42fef53-89d1-40e1-8115-bd65a9bee5d1,Andree Lin,712020:e42fef53-89d1-40e1-8115-bd65a9bee5d1,Medium,Pull Request,,30/Sep/26 5:42 PM,10/Oct/26 6:42 PM,
Subtask,BAAAM-123,10199,Appointments,Andree Lin,712020:e42fef53-89d1-40e1-8115-bd65a9bee5d1,Andree Lin,712020:e42fef53-89d1-40e1-8115-bd65a9bee5d1,Medium,To Do,,30/Sep/26 5:42 PM,30/Sep/26 5:42 PM,
Subtask,BAAAM-124,10200,Notifications,Brendan Lambrecht,712020:561627c7-6e04-4165-8d15-a503a75143c6,Andree Lin,712020:e42fef53-89d1-40e1-8115-bd65a9bee5d1,Medium,Pull Request,,30/Sep/26 5:42 PM,08/Oct/26 9:43 AM,
Subtask,BAAAM-125,10201,Settings,Brendan Lambrecht,712020:561627c7-6e04-4165-8d15-a503a75143c6,Andree Lin,712020:e42fef53-89d1-40e1-8115-bd65a9bee5d1,Medium,In Development,,30/Sep/26 5:42 PM,08/Oct/26 9:43 AM,
Subtask,BAAAM-126,10202,Statistics,Andree Lin,712020:e42fef53-89d1-40e1-8115-bd65a9bee5d1,Andree Lin,712020:e42fef53-89d1-40e1-8115-bd65a9bee5d1,Medium,To Do,,30/Sep/26 5:42 PM,30/Sep/26 5:42 PM,
Subtask,BAAAM-127,10203,User page,Andree Lin,712020:e42fef53-89d1-40e1-8115-bd65a9bee5d1,Andree Lin,712020:e42fef53-89d1-40e1-8115-bd65a9bee5d1,Medium,In Progress,,01/Oct/26 9:32 AM,01/Oct/26 9:32 AM,
Subtask,BAAAM-128,10204,Service provider page,Manoj Khadka,712020:d30279c8-ce50-4163-a875-1320c647fae1,Andree Lin,712020:e42fef53-89d1-40e1-8115-bd65a9bee5d1,Medium,To Do,,01/Oct/26 9:32 AM,01/Oct/26 9:32 AM,
Subtask,BAAAM-129,10205,Admin page,Andree Lin,712020:e42fef53-89d1-40e1-8115-bd65a9bee5d1,Andree Lin,712020:e42fef53-89d1-40e1-8115-bd65a9bee5d1,Medium,In Progress,,01/Oct/26 9:32 AM,01/Oct/26 9:32 AM,
Story,BAAAM-137,10245,Backend: Implement user and service provider registration and login,Manoj Khadka,712020:d30279c8-ce50-4163-a875-1320c647fae1,Manoj Khadka,712020:d30279c8-ce50-4163-a875-1320c647fae1,Highest,In Development,,09/Oct/26 12:49 AM,09/Oct/26 1:20 AM,
Story,BAAAM-130,10206,Finalize Database Collections and Models,Amelia Koch,712020:5ca236ff-2826-488f-aa01-d3b15d2807d8,Amelia Koch,712020:5ca236ff-2826-488f-aa01-d3b15d2807d8,Highest,In Development,,01/Oct/26 10:55 AM,08/Oct/26 4:55 PM,
Story,BAAAM-133,10241,Create Settings Page for UI,Brendan Lambrecht,712020:561627c7-6e04-4165-8d15-a503a75143c6,Brendan Lambrecht,712020:561627c7-6e04-4165-8d15-a503a75143c6,Medium,Done,Done,07/Oct/26 8:37 PM,08/Oct/26 5:07 PM,
Story,BAAAM-24,10068,Frontend: Implement user and service provider registration and login view,Manoj Khadka,712020:d30279c8-ce50-4163-a875-1320c647fae1,Brendan Lambrecht,712020:561627c7-6e04-4165-8d15-a503a75143c6,Highest,Pull Request,,16/Sep/26 9:29 AM,09/Oct/26 12:53 AM,
Story,BAAAM-134,10242,Create Notifications Page for UI,Brendan Lambrecht,712020:561627c7-6e04-4165-8d15-a503a75143c6,Brendan Lambrecht,712020:561627c7-6e04-4165-8d15-a503a75143c6,Medium,Pull Request,,08/Oct/26 9:35 AM,08/Oct/26 10:36 AM,
Story,BAAAM-135,10243,implement enhanced user profile,Andree Lin,712020:e42fef53-89d1-40e1-8115-bd65a9bee5d1,Andree Lin,712020:e42fef53-89d1-40e1-8115-bd65a9bee5d1,Medium,To Do,,08/Oct/26 10:01 AM,08/Oct/26 10:02 AM,
Story,BAAAM-136,10244,Create a Backend Administration Page to visualize database entries,Brendan Lambrecht,712020:561627c7-6e04-4165-8d15-a503a75143c6,Brendan Lambrecht,712020:561627c7-6e04-4165-8d15-a503a75143c6,Medium,Pull Request,,08/Oct/26 1:26 PM,08/Oct/26 5:06 PM,
